rank,flood_id,latitude, longitude
1,18127,77.06649956,28.50855863
2,30446,77.03695481,28.45669886
3,35309,77.09417358,28.47911802
4,16922,77.0669597,28.50180889
5,15536,77.00976899,28.47489904
6,31092,77.05231223,28.43813218
7,7197,76.95584662,28.47163044
8,12584,77.00583051,28.48398986
9,18769,77.07219453,28.51569171
10,30378,77.03630343,28.45740681
11,12652,77.01320323,28.49035078
12,17097,76.98103289,28.45904542
13,8473,77.00671344,28.48674933
14,16316,77.00939051,28.46890505
15,15750,76.99562811,28.46871747
16,78383,77.06226746,28.35431981
17,12565,77.01987173,28.49633371
18,59690,77.06461401,28.43213606
19,12299,77.00713943,28.48674304
20,54944,77.07466766,28.37724434
